{
  "train": {
    "rmse": 0.07219867266346662,
    "ic_mean": 0.06256102534129623,
    "ic_ir": 1.325095126741975,
    "ls_ann_ret": 1.4215524225790168,
    "ls_ann_ir": 18.575544254069563
  },
  "val": {
    "rmse": 0.07061781827700295,
    "ic_mean": 0.034736143265437426,
    "ic_ir": 0.8263523718110145,
    "ls_ann_ret": 0.5935203458137756,
    "ls_ann_ir": 8.847075557865784
  },
  "test": {
    "rmse": 0.056658236766978134,
    "ic_mean": 0.032328502739579434,
    "ic_ir": 0.6061612262918195,
    "ls_ann_ret": 0.3602633204634099,
    "ls_ann_ir": 4.928330456079034
  }
}