{
  "train": {
    "rmse": 0.040786484888886795,
    "ic_mean": 0.026408984158332396,
    "ic_ir": 1.5396965565647915,
    "ls_ann_ret": 0.43047405566581004,
    "ls_ann_ir": 24.882299620996463
  },
  "val": {
    "rmse": 0.05130043303006968,
    "ic_mean": -0.0009384171726143609,
    "ic_ir": -0.05999391559014085,
    "ls_ann_ret": -0.005765000169236093,
    "ls_ann_ir": -0.28898065867679823
  },
  "test": {
    "rmse": 0.048513090480127946,
    "ic_mean": 0.00822825902881026,
    "ic_ir": 0.5743847102798594,
    "ls_ann_ret": 0.22128992825560204,
    "ls_ann_ir": 11.145340038641582
  }
}