{
  "train": {
    "rmse": 0.07228348417747298,
    "ic_mean": 0.05542928750573685,
    "ic_ir": 1.0125870414394431,
    "ls_ann_ret": 1.1207438762798314,
    "ls_ann_ir": 13.191167732988996
  },
  "val": {
    "rmse": 0.07057000682916231,
    "ic_mean": 0.04319329177143484,
    "ic_ir": 0.8516916916839411,
    "ls_ann_ret": 0.7087436693662463,
    "ls_ann_ir": 9.061752609782078
  },
  "test": {
    "rmse": 0.05660025165516837,
    "ic_mean": 0.038621750848689955,
    "ic_ir": 0.6183187266455021,
    "ls_ann_ret": 0.4020281449602395,
    "ls_ann_ir": 4.9424749941820245
  }
}